horse_id,horse_name,father,mother,grandfather,hair_color,farm
,グラスシフォン,シニスターミニスター,グラスルノン,フレンチデピュティ,栗,
,マライアガーネット,ミッキーロケット,メイレディ,ジェニュイン,鹿,
,クリノビッグママ,ストロングリターン,クリノツネチャン,マイネルセレクト,栗,
,ビッグファイト,バトルプラン,クッカ,ディープブリランテ,鹿,
,ピスティス,ミュゼスルタン,ハンナ,ディープインパクト,栗,
,イデアミラーグロ,トビーズコーナー,メルシーミヨ,アドマイヤボス,鹿,
,ベッケンバウアー,レーヴミストラル,マラチバンド,Dixieland Band,鹿,
,スングリダンダン,マジェスティックウォリアー,チクタクボンボン,ゴールドアリュール,栗,
,ペイシャボビー,シャンハイボビー,ペイシャマリヤ,タイキシャトル,鹿,
,エリアントゥス,アジアエクスプレス,スイートシャイン,ディープブリランテ,芦,
,ナムラオードリー,サトノアラジン,ナムラユメ,ゼンノロブロイ,黒鹿,
,メモリーグラス,イスラボニータ,ラベンダーメモリー,ナカヤマフェスタ,黒鹿,
,サイタブラウンB,カレンブラックヒル,ミスサイベリア,Giant's Causeway,栗,
,アンビバレント,ディスクリートキャット,フォーミー,アドマイヤマックス,鹿,
,ロケッツアンB,ミッキーロケット,アンナヴァン,エンドスウィープ,鹿,
,ヴァルカン,ベストウォーリア,リスクオン,マツリダゴッホ,栗,
,スリアンヴォス,ルーラーシップ,スターアクトレス,フレンチデピュティ,鹿,
,ドロップキック,ベルシャザール,スノードロップ,クロフネ,鹿,
,ラインシュトラール,タリスマニック,ラインハーディー,ゴールドアリュール,黒鹿,
,リアルマーヴェル,リアルスティール,ビアンコカンドーレ,チチカステナンゴ,芦,
,セイウンミライズ,パイロ,ハーモニックソウル,ハービンジャー,黒鹿,
,ナイトスピアー,ストロングリターン,サクラコ,メジロベイリー,黒鹿,
,ハットグットゲット,ヴィクトワールピサ,サイレントクロップ,シンボリクリスエス,青鹿,
,キタノソロモン,モンテロッソ,イントリーグ,タニノギムレット,鹿,
,ブルーステラB,パイロ,トーホウシャイン,スペシャルウィーク,栗,
,エーレウォーン,ダイワメジャー,レディヴァルール,Multiplex,鹿,
,ハクシンジャベリン,ビッグアーサー,タオルチャン,クロフネ,栗,
,リチャ,バゴ,ユースティティア,フジキセキ,青鹿,
,ホウオウバーデン,スクリーンヒーロー,パゲラ,Soldier Hollow,鹿,
,フィールザダイヤ,サトノダイヤモンド,フィールザビュウ,Distant View,鹿,
,テーオーマツカゼ,ネロ,ルーチェデルソーレ,メイショウボーラー,栗,
,ニシノセイラン,リーチザクラウン,ニシノミナミカゼ,ファルブラヴ,黒鹿,
,コスモオピニオン,ダノンバラード,オピニオン,アイルハヴアナザー,鹿,
,キョウエイボンバー,リオンディーズ,キョウエイレガシー,ハービンジャー,黒鹿,
,ロジドレフォンB,ドレフォン,アンジュシャルマン,マンハッタンカフェ,青鹿,
,エイトキングゴッド,エイシンフラッシュ,アフロディシアス,ジャングルポケット,黒鹿,
,マロンアイス,エピファネイア,マロンブーケ,ダイワメジャー,鹿,
,クリノクオン,レインボーライン,バラッドレディ,ムーンバラッド,鹿,
,ジェイケイロンドン,グレーターロンドン,ジェイケイウィン,エンパイアメーカー,鹿,
,ベルエト,ブラックタイド,タイセイエトワール,トニービン,黒鹿,
,キタノマルティス,ケープブランコ,ビアンカリボン,スペシャルウィーク,栗,
,アマイ,ダノンバラード,イオ,タイキシャトル,青鹿,
,アイベラ,イスラボニータ,スターズインヘヴン,ワークフォース,黒鹿,
,ブルーブルースカイ,ジャスタウェイ,ガーデニア,Galileo,黒鹿,
,マイネルモーント,ゴールドシップ,ゲッカコウ,ロージズインメイ,芦,
,サンバデルンバ,キズナ,ヤマン,ハービンジャー,鹿,
,シエルリーナ,バゴ,トウカイセレッソ,キングカメハメハ,青鹿,
,フクシマブルース,ゴールドシップ,マイネヴァリエンテ,コンデュイット,芦,
,タイセイマンボ,ホッコータルマエ,ロージーサンセット,キンシャサノキセキ,鹿,
,ベルウッドシキシマ,マインドユアビスケッツ,ピクシーチャーム,キングカメハメハ,鹿,
,シンキングファーザ,フリオーソ,コグノセンティ,ゴールドアリュール,栗,
,ツワモノ,ネオユニヴァース,モトヒメ,ショウナンカンプ,鹿,
,ブリガンダイン,ドゥラメンテ,ラビルキン,Indygo Shiner,鹿,
,ジェントルタッチ,Always Dreaming,アンシェリゼ,Curlin,鹿,
,モキハナ,コパノリッキー,カリストーガ,ダノンシャンティ,鹿,
,バーンキャット,ディスクリートキャット,バーンアウル,コマンズ,栗,
,トロピカルタウン,カレンブラックヒル,トロピカルタイム,ブライアンズタイム,黒鹿,
,ライヴビネガー,ビッグアーサー,ドゥエベリーニ,マンハッタンカフェ,鹿,
,デオヴォレンティ,ダノンバラード,デオ,フサイチコンコルド,青,
,アストロアイガー,レーヴミストラル,ステレッタ,マンハッタンカフェ,鹿,
,シグナルファイアーB,ラニ,パスザトーチ,ファンタスティックライト,芦,
,タマモヴェナトル,シニスターミニスター,プティトシャンティ,ダノンシャンティ,黒鹿,
,レオアメニティー,トーセンジョーダン,オチャノコサイサイ,ダイタクサージャン,黒鹿,
,コスモリボルブ,ダノンバラード,ワンダーサークル,グラスワンダー,鹿,
,キラメクホシ,ゴールドシップ,ホシノキラメキ,メイショウサムソン,芦,
,グランドカリナン,リアルインパクト,サマーティアラ,マンハッタンカフェ,鹿,
,ヤマニンエンディマ,サトノダイヤモンド,ヤマニンリップル,スペシャルウィーク,鹿,
,マーゴットミニモ,サトノダイヤモンド,フクシア,ゴールドアリュール,鹿,
,ヴェルティグレ,ドゥラメンテ,ブルーグラスチャッター,Bluegrass Cat,栗,
,トーセンベガス,マクマホン,ライブインベガス,マンハッタンカフェ,黒鹿,
,サンヴェリー,デクラレーションオブウォー,ダニエラズフラワー,Corinthian,鹿,
,リュウノマサムネ,レッドファルクス,ライトリーチューン,マンハッタンカフェ,栗,
,ランビリーゾ,ハービンジャー,ルミナスハッピー,アグネスタキオン,栗,
,オセアジャーディン,オルフェーヴル,タムロブライト,シルバーチャーム,芦,
,アカラレイア,トーセンラー,ターフジェニック,ホワイトマズル,黒鹿,
,ホウオウバーナード,ハービンジャー,ホウオウマリリン,ダイワメジャー,栗,
,ディヴァージオン,サトノダイヤモンド,スコアズビー,ロックオブジブラルタル,鹿,
,スターオブアーサー,ビッグアーサー,クインズラッシュ,スウェプトオーヴァーボード,芦,
,エリカキルシェ,マインドユアビスケッツ,ゴルトキルシェ,ステイゴールド,栗,
,ニフェーデービル,ルーラーシップ,チュラカーギー,ゴールドアリュール,鹿,
,キモンアップルB,コパノリッキー,キモンレッド,サウスヴィグラス,栗,
,ゴールデンウィンド,ドレフォン,ダブルゴールド,ゴールドアリュール,栗,
,スズカコーズ,スズカコーズウェイ,アイシースズカ,サンデーサイレンス,黒鹿,
,エコロアレス,Unified,Red Hot Tweet,Heatseeker,黒鹿,
,ナックブレイブB,レッドファルクス,ワキノバクシン,サクラバクシンオー,芦,
,スクーバー,ヘニーヒューズ,ソロダンサー,ゴールドアリュール,栗,
,ゴッドセンド,アジアエクスプレス,ギフトオブザラック,ディープインパクト,鹿,
,ネバレチュゴー,アメリカンペイトリオット,メランコリア,プリサイスエンド,鹿,
,ダンスインザリング,キンシャサノキセキ,ナイツエンド,エンドスウィープ,鹿,
,プリティインピンク,キンシャサノキセキ,アサケゴマ,クロフネ,黒鹿,
,フエキ,ディスクリートキャット,スパークルレディー,フォーティナイナー,栗,
,ハロースクロールB,ヘニーヒューズ,グレイスティアラ,フジキセキ,黒鹿,
,ロジヴィクトリアB,ロジユニヴァース,ギンザヴィクトリア,ゼンノロブロイ,黒鹿,
,ルージュブラン,エピファネイア,グリサージュ,クロフネ,芦,
,マスケティアーズ,ネオユニヴァース,ミスマープル,Sinndar,黒鹿,
,ビービーキング,ワールドエース,カリビアンロマンス,コマンズ,鹿,
,ホテルカリホルニア,ゴールドアリュール,アドバンスクラーレ,サクラバクシンオー,鹿,
,ビーマイベイビー,ジョーカプチーノ,デスティニーラブ,アグネスデジタル,鹿,
,サンフィニティ,ルーラーシップ,イントロダクション,デュランダル,鹿,
,ノアファンタジーB,ディスクリートキャット,メジロベイシンガー,メジロライアン,鹿,
,ソニックムーヴ,モーリス,サイレントソニック,ディープインパクト,黒鹿,
,デュアルキャリアーB,War Front,A Star Is Born,Galileo,鹿,
,アジアノジュンシン,アジアエクスプレス,バトルアンコール,フジキセキ,鹿,
,セイウンハルカニ,バゴ,ニシノナースコール,ブライアンズタイム,青鹿,
,ヒメカミノイタダキ,アドマイヤムーン,ファミリズム,ダンスインザダーク,栗,
,センタースリール,ベルシャザール,マッシヴエレガンス,ディープブリランテ,鹿,
,クリーンドリーム,ダンカーク,マヤノメメント,フレンチデピュティ,芦,
,ネイリッカ,メイショウボーラー,ケージーナデシコ,クロフネ,芦,
,グラスデスティーノB,ワールドエース,グラスプリマ,シンボリクリスエス,鹿,
,ハイエストエンド,エスケンデレヤ,デュークタイフーン,フジキセキ,栗,
,ギャラクシーナイト,ドゥラメンテ,アンジェリック,シンボリクリスエス,青鹿,
,アメリカンエールB,Tapit,Sindy With an S,Broken Vow,芦,
,マイコレット,ベルシャザール,プリティーキャロル,サウスヴィグラス,芦,
,スクリーンプロセス,スクリーンヒーロー,サイレントクロップ,シンボリクリスエス,青鹿,
,パワーブローキング,アメリカンペイトリオット,ピクシープリンセス,ディープインパクト,鹿,
,ヘキクウ,ラブリーデイ,シーナリー,Scat Daddy,芦,
,ガルヴィハーラ,ゴールドアリュール,ポロンナルワ,Rahy,栗,
,サトノフォース,ディープインパクト,ビタースウィート,Afleet Alex,黒鹿,
,ブレイクフォース,アジアエクスプレス,プレシャスフラワー,サンデーサイレンス,栗,
,クアトロマジコB,サトノアラジン,ミスティークII,Monsun,鹿,
,ロジカルガール,ダノンシャンティ,ロジカルクィーン,Deputy Minister,栗,
,コスモアンジュ,トゥザワールド,ゴールドエンジェル,クロフネ,鹿,
,オメガラヴィサンB,ロードカナロア,オメガグレイス,サンデーサイレンス,鹿,
,シュアーヴアリアB,ゴールドシップ,スズノネイロ,デュランダル,黒鹿,
,ショウナンバービー,トゥザワールド,グロリエッテ,アドマイヤムーン,鹿,
,ゼログラヴィティ,アドマイヤムーン,ヴァレッタ,Cape Cross,黒鹿,
,カンティーユ,オルフェーヴル,タマヒカル,パラダイスクリーク,鹿,
,ジャストザビアンカ,ディープブリランテ,ジャストザハピネス,ハーツクライ,青鹿,
,スイーツマジック,コパノリチャード,ハミングトップ,リンドシェーバー,鹿,
,ファイアダンサー,パイロ,エンジェヌー,コマンズ,青鹿,
,キーダイヤ,War Command,ヴァンゴーゴー,Dutch Art,鹿,
,イルクオーレB,ロードカナロア,アルーリングハート,ダイワメジャー,鹿,
,ショウナンラスボスB,ダイワメジャー,プリンセスオブザスターズ,Sea The Stars,栗,
,オシリスブレイン,バゴ,イシス,キングヘイロー,青鹿,
,トーセンリスト,ノヴェリスト,ジョンコ,アグネスタキオン,栗,
,ジャカランダレーン,ラブリーデイ,ウリウリ,ディープインパクト,黒鹿,
,フォースオブウィル,ローエングリン,ウマクイクトオモウ,ステイゴールド,栗,
,グラスブルースB,シンボリクリスエス,グラスブロード,Fusaichi Pegasus,鹿,
,ナリノモンターニュ,ヴィクトワールピサ,オメガアイランド,エルコンドルパサー,黒鹿,
,スペロデア,エスポワールシチー,サクラフォルトゥナ,サウスヴィグラス,栗,
,サトノロイヤルB,ヘニーヒューズ,カネトシキフジン,キングカメハメハ,鹿,
,ケイアイロベージ,ヘニーヒューズ,ケイアイベローナ,クロフネ,芦,
,メンアットワーク,ドゥラメンテ,メイシャイン,シンボリクリスエス,青鹿,
,オレンジペコB,マジェスティックウォリアー,ココモオレンジ,キングカメハメハ,栗,
,トラモント,アイルハヴアナザー,フィロンルージュ,フレンチデピュティ,栗,
,セイルオンセイラー,ドレフォン,クリムゾンブーケ,クロフネ,黒鹿,
,タヒチアンダンス,キングカメハメハ,ミラクルレジェンド,フジキセキ,栗,
,マイネルクロンヌ,オルフェーヴル,ナナヨーティアラ,マイネルラヴ,鹿,
,ピュアジャッジ,ホッコータルマエ,ピュアアイズ,ネオユニヴァース,鹿,
,カフェスペランツァ,ハーツクライ,カフェヒミコ,Bandini,鹿,
,コスモセイリュウ,Temple City,Surround Sound,Include,鹿,
,コーラスケイト,オルフェーヴル,カホマックス,クロフネ,鹿,
,ガンダルフ,キングカメハメハ,アメリ,Distorted Humor,鹿,
,シセイヒテン,ノヴェリスト,シセイカグヤ,ネオユニヴァース,青,
,ハリーバローズB,Uncle Mo,Isobel Baillie,Lomitas,鹿,
,オパールシャルム,ダイワメジャー,ジルコニア,タイキシャトル,栗,
,ディヴィナシオン,ヴィクトワールピサ,フギン,ストリートセンス,黒鹿,
,メイショウケイメイ,ワークフォース,メイショウアキシノ,デュランダル,鹿,
,フレッチア,Dansili,ヴィアメディチ,Medicean,青鹿,
,ロードベイリーフ,ヴァンセンヌ,ショウナンアオバ,キングカメハメハ,黒鹿,
,ダイメイフジ,アグネスデジタル,ダイメイダーク,ダンスインザダーク,鹿,
,モントライゼ,ダイワメジャー,ムーングロウ,Nayef,鹿,
,トキメキ,アドマイヤムーン,リーベストラウム,ゼンノエルシド,栗,
,シャインガーネット,オルフェーヴル,ベルベットローブ,Gone West,栗,
,スティクス,ロードカナロア,ペンテシレイア,ネオユニヴァース,鹿,
,スノーテーラー,アドマイヤコジーン,クラウンミストラル,フジキセキ,芦,
,ビップウインク,エイシンフラッシュ,ディマクコンダ,バチアー,青,
,ジャスパージャックB,デクラレーションオブウォー,Crescent Moon,Seeking the Gold,鹿,
,アビッグチア,リオンディーズ,シベリアンクラシカ,Siphon,黒鹿,
,ポレンティア,ハーツクライ,ポーレン,Orpen,青鹿,
,サザンナイツ,トーセンラー,トレサンセール,Rip Van Winkle,黒鹿,
,ビートザウイングスB,スクリーンヒーロー,ウイングドウィール,シンボリクリスエス,栗,
,サイモンサーマル,エイシンフラッシュ,サイモンドルチェ,ジャングルポケット,鹿,
,ミステリーウェイB,ジャスタウェイ,ジプシーハイウェイ,High Chaparral,黒鹿,
,スカイテラスB,キズナ,ライステラス,ソングオブウインド,黒鹿,
,シャインユニバンス,ルーラーシップ,メテオーリカ,ディープインパクト,鹿,
,コスモスタック,ロージズインメイ,ファインビンテージ,ダンスインザダーク,黒鹿,
,マケルナマサムネB,ディープブリランテ,ナオミノユメ,ジャングルポケット,鹿,
,レットミーアウトB,ディープインパクト,マイネシャローナ,コマンダーインチーフ,黒鹿,
,ストーリーテラーB,アメリカンペイトリオット,セヴンゴシック,ステイゴールド,鹿,
,カーメルビーチB,サトノアラジン,ヴァタルサイビーチ,ゼンノロブロイ,鹿,
,スカプラリオ,ルーラーシップ,ラブフール,ゼンノロブロイ,鹿,
,レオキー,パイロ,マリントウショウ,キャプテンスティーヴ,栗,
,ニホンピロアレイ,ノヴェリスト,ニホンピロオーロラ,マンハッタンカフェ,栗,
,ミヤジトレヴ,キタサンブラック,パクスアジアーナ,ノヴェリスト,青鹿,
,メイショウフラム,マクフィ,メイショウイザヨイ,オレハマッテルゼ,鹿,
,ニホンピロラグーナ,ダイワメジャー,ニホンピロヴィータ,スニッツェル,栗,
,ラガープリンセス,ドレフォン,テンダーエモーション,Pivotal,鹿,
,ジュンウィンダム,カレンブラックヒル,ゴッドカリビアン,ベーカバド,鹿,
,タイコウフェイス,サトノアラジン,キクノアルバ,サウスヴィグラス,鹿,
,クリノリアルレディ,リアルインパクト,セイクリッドフレイム,Rahy,鹿,
,アナベルヒマワリ,ダイワメジャー,カリフォルニアネクター,Stormy Atlantic,鹿,
,ウインエクラン,スクリーンヒーロー,ライラックラブ,アグネスタキオン,栗,
,ジョウショーパワー,バンドワゴン,ジョウショーコトミ,リンカーン,黒鹿,
,セオ,スピルバーグ,ルーラ,Oasis Dream,鹿,
,ファームツエンティ,キズナ,ダノンエレガント,ブライアンズタイム,青鹿,
,スパーキングブルーB,サトノクラウン,レジェンドブルー,ステイゴールド,鹿,
,コパノサントス,イスラボニータ,ラブミーリル,ハービンジャー,青鹿,
,ザレットイットビー,ジャスタウェイ,ニシノプルメリア,シングスピール,青鹿,
,ナイツオブラウンド,エピファネイア,ウェストレー,オルフェーヴル,鹿,
,カブキチョウ,ハービンジャー,キーウエスト,ネオユニヴァース,栗,
,スマートファントム,ハービンジャー,スマートアイリス,ディープインパクト,鹿,
,マルクパージュ,ハービンジャー,ディープストーリー,ディープインパクト,青鹿,
,ラミアストラーダ,エピファネイア,タカミツサクラ,ヨハネスブルグ,鹿,
,モズマーカッシン,シルバーステート,リュミエールゲラン,ロックオブジブラルタル,黒鹿,
,バックトゥザライト,シニスターミニスター,トリプルミッション,ハービンジャー,鹿,
,ギャレットルレーヴB,リオンディーズ,ハビトゥス,ファルブラヴ,鹿,
,スズノハマヤ,キンシャサノキセキ,シルヴァーカップ,アルムタワケル,黒鹿,
,キャビネットバトル,ダイワメジャー,ホワイトソックス,Scipion,鹿,
,タガノチェイス,ドレフォン,タガノバトラ,フレンチデピュティ,鹿,
,ナムラレナード,カレンブラックヒル,ナムラエルサ,マツリダゴッホ,黒鹿,
,オフィスバトル,キズナ,シェリレーヌ,Mineshaft,鹿,
,エペB,シャンハイボビー,サクラフルーレ,マンハッタンカフェ,黒鹿,
,ハクアイジュピター,ホッコータルマエ,マカロンドナンシー,ダンスインザダーク,黒鹿,
,ワイドレッジャドロ,モンテロッソ,メイプルロード,ジェニュイン,黒鹿,
,ランドフェニックス,マクフィ,マサノマリリン,キングカメハメハ,鹿,
,トーセンオリジン,ディープインパクト,トーセンブリリアン,ホワイトマズル,鹿,
,ザヴォーグ,ネオユニヴァース,ロッタ,ティンバーカントリー,栗,
,コズミックマインド,Into Mischief,Mystical Star,Ghostzapper,鹿,
,ファジュル,サトノアラジン,グリーンサンライズ,サッカーボーイ,鹿,
,リーガルマナー,ロードカナロア,エレガントマナー,シンボリクリスエス,鹿,
,イロエンピツ,アーネストリー,イロジカケ,クロフネ,黒鹿,
,ロードアヴニール,ドゥラメンテ,ヴィーヴル,ディープインパクト,鹿,
,アスクドゥポルテ,ハービンジャー,ジャジャウマガール,ハーツクライ,鹿,
,サトノドゥーチェ,ハービンジャー,シンフォニア,サクラバクシンオー,栗,
,ウォーターハウス,ロードカナロア,ショウナンパンドラ,ディープインパクト,黒鹿,
,トンジンチ,ドゥラメンテ,ワイドサファイア,アグネスタキオン,青鹿,
,エイシンテムジン,エイシンヒカリ,ダンスオンザルーフ,シンボリクリスエス,鹿,
,ヴァンビスタ,Justify,Vanquished,エンパイアメーカー,栗,
,フィルムアクトレス,スクリーンヒーロー,サマリーズ,ハードスパン,鹿,
,ベルリエゾン,キズナ,ベルワトリング,Dushyantor,黒鹿,
,アンノウンレディ,ルーラーシップ,マイネレーツェル,ステイゴールド,鹿,
,グレイコード,スクリーンヒーロー,バイナリーコード,ネオユニヴァース,栗,
,アイザックバローズ,ドゥラメンテ,カーリンホーク,Curlin,黒鹿,
,ランヴァル,ダノンバラード,ニシノマドカ,ジャングルポケット,鹿,
,ラムケイ,アメリカンペイトリオット,サマナケイ,Authorized,鹿,
,インヒズアイズ,Race Day,Lee Ann W,Mr. Greeley,芦,
,バトゥーキ,ラニ,サンバホイッスル,サウスヴィグラス,栗,
,インディケーション,ヴィクトワールピサ,ミコデイジーラブ,ハービンジャー,栗,
,エムズマインド,マインドユアビスケッツ,ピエナアプローズ,フジキセキ,栗,
,ハワイアンパレス,アジアエクスプレス,ハワイアンスマイル,キングカメハメハ,栗,
,ヤマニンリーリオ,シニスターミニスター,ヤマニンラレーヌ,ヤマニンセラフィム,鹿,
,テイエムフジッコ,ホッコータルマエ,シルバーキセキ,フジキセキ,鹿,
,メイショウピース,リオンディーズ,メイショウアリア,Hurricane Run,黒鹿,
,レッドジェダイト,トーセンラー,ディアースパークル,マイネルラヴ,青鹿,
,カンチェンジュンガ,ビッグアーサー,クェスタボルタ,ノヴェリスト,鹿,
,テイエムマズルカ,ディーマジェスティ,エクストラニュース,エンドスウィープ,鹿,
,エリカエクラ,シャンハイボビー,コイヲダキシメヨウ,ワークフォース,青鹿,
,スナークレジスト,トゥザグローリー,フォーモサマンボ,ノボジャック,鹿,
,バガン,バゴ,トーコーユズキ,ディープインパクト,青,
,メイショウカムロ,メイショウボーラー,シェムリアップ,ネオユニヴァース,鹿,
,ファンジオ,モーリス,マンテラライ,Catcher In The Rye,鹿,
,エナハツホ,トビーズコーナー,タイセイゴディス,ステイゴールド,栗,
,メイショウマントル,メイショウボーラー,ピンクトルマリン,Fusaichi Pegasus,鹿,
,アトレイユ,ドレフォン,プラチナローズ,クロフネ,芦,
,クリノアンビシャス,ホッコータルマエ,クリノスペシャル,スペシャルウィーク,青鹿,
,ラインオブソウル,シニスターミニスター,ファーストレディ,スマートボーイ,鹿,
,ダノンシュネラ,ドゥラメンテ,ラッドルチェンド,Danehill Dancer,鹿,
,マテンロウルビー,ロードカナロア,ラシンティランテ,アグネスタキオン,鹿,
,エコロマンボ,キズナ,マンボカーニバル,Kingmambo,鹿,
,スズカマクフィ,マクフィ,スズカローラン,サンデーサイレンス,鹿,
,メタモルフォーゼ,キンシャサノキセキ,エンブレイス,アフリート,鹿,
,サルビア,ダイワメジャー,リップスポイズン,Mamool,栗,
,コモレビキラリ,ダノンレジェンド,ジャドール,フジキセキ,青鹿,
,フェアレストアイル,ディープインパクト,スターアイル,ロックオブジブラルタル,鹿,
,メイショウホマレ,ディスクリートキャット,メイショウラグーナ,バブルガムフェロー,黒鹿,
,ラフリッグフェル,ゴールドアリュール,アンブルサイド,ウォーエンブレム,栗,
,スズカクローカス,スズカフェニックス,サワヤカラスカル,ラスカルスズカ,黒鹿,
,テオドラB,サウスヴィグラス,シャインリザルト,Victory Gallop,栗,
,クリノカサット,ゴールドアリュール,クリノビリオネア,ディアブロ,栗,
,クリノキララ,クレスコグランド,バクシンクリチャン,サクラバクシンオー,鹿,
,フローラルビアンカ,ドレフォン,ビアンカシェボン,フジキセキ,黒鹿,
,シルフィードレーヴ,アメリカンペイトリオット,キモンクイーン,クロフネ,芦,
,スーパーアグリ,リオンディーズ,クラシックリディア,ハービンジャー,青鹿,
,ミルトクレイモー,バゴ,ウートゥルメール,マンハッタンカフェ,鹿,
,ダンシングニードル,ファインニードル,ダンシングワンダー,グラスワンダー,栗,
,チカポコ,ブラックタイド,アスペンアベニュー,トワイニング,鹿,
,ピーチクパーチク,シャンハイボビー,ボロブドゥール,ハイアーゲーム,青鹿,
,イコサン,ビッグアーサー,メイショウトモシビ,ハーツクライ,鹿,
,オーケン,ファインニードル,アルシッペ,Seeking the Gold,鹿,
,ドーブネ,ディープインパクト,プレミアステップス,Footstepsinthesand,青,
,ドンナセレーノB,ロードカナロア,ヌーヴォレコルト,ハーツクライ,鹿,
,トオヤリトセイトB,ドリームジャーニー,ジャジャマーチャン,アドマイヤコジーン,青鹿,
,ロックユーB,ディープインパクト,シャンロッサ,Galileo,青鹿,
,ファユエン,ヴァンセンヌ,サクラパピルス,アグネスデジタル,鹿,
,ボーデン,ハービンジャー,ボージェスト,キングカメハメハ,鹿,
,ストーリア,リオンディーズ,フェリス,ジャングルポケット,鹿,
,メモリーエフェクト,モーリス,メモリーパフィア,ノボジャック,鹿,
,アサケレディ,キズナ,メルセンヌナンバー,ワイルドラッシュ,黒鹿,
,フィデル,ハーツクライ,ラッキートゥビーミー,Bernstein,鹿,
,ルースB,ドゥラメンテ,ヤマカツマリリン,グラスワンダー,栗,
,ローゼライトB,キズナ,エンブレイス,アフリート,鹿,
,スマートアルタイル,ヘニーヒューズ,スマートアルティラ,ブライアンズタイム,栗,
,ガンケンB,ヘニーヒューズ,ダイヤモンドムーン,マンハッタンカフェ,黒鹿,
,サンライズラポールB,Constitution,カラズマッチポイント,Curlin,栗,
,バトルクライ,イスラボニータ,ディアコメット,キングカメハメハ,栗,
,ボイラーハウス,アジアエクスプレス,パリーナチャン,メイショウオウドウ,鹿,
,コパノマーキュリー,サウスヴィグラス,レッドマーキュリー,マンハッタンカフェ,鹿,
,エイシンギアアップ,エイシンフラッシュ,エーシンパナギア,エイシンサンディ,黒鹿,
,ケイアイドリー,エスポワールシチー,アルヴェナ,Seeking the Gold,鹿,
,ダノングリスターB,ロードカナロア,ファイブスター,クロフネ,鹿,
,デンコウリジエール,メイショウボーラー,デンコウデア,スペシャルウィーク,鹿,
,スマートダンディーB,エンパイアメーカー,スマートオーシャン,Mr. Greeley,鹿,
,キョウヘイ,リーチザクラウン,ショウナンアネーロ,ダンスインザダーク,鹿,
,メイショウミモザ,ハーツクライ,メイショウベルーガ,フレンチデピュティ,芦,
,リプレーザB,リオンディーズ,サウスエンピリカル,マンハッタンカフェ,鹿,
,ベルウッドブラボーB,シルバーステート,マチャプチャレ,ヨハネスブルグ,鹿,
,サイヤダンサー,ベーカバド,イズミバード,サンデーサイレンス,鹿,
,スーパーホープ,キズナ,ケンホープ,Kendargent,黒鹿,
,マイトレジャーフジ,ロードカナロア,ホクラニミサ,ディープインパクト,鹿,
,ロングファイナリー,トーセンジョーダン,コスモハート,マイネルラヴ,鹿,
,ダンツイノーバ,メイショウボーラー,サイレントイヴ,アグネスタキオン,栗,
,アルトシュタット,ロードカナロア,マルティンスターク,シンボリクリスエス,鹿,
,タマモダイジョッキ,ヘニーヒューズ,チャームポット,フジキセキ,栗,
,デュガ,Practical Joke,Untraveled,Canadian Frontier,鹿,
,テーオーディエス,ラブリーデイ,ティノ,キンシャサノキセキ,鹿,
,リヴェール,オルフェーヴル,リトルゲルダ,Closing Argument,芦,
,ヤマニンルリュール,ヴィクトワールピサ,ヤマニンプチフール,フレンチデピュティ,鹿,
,コパノスタンリー,コパノリッキー,ソフィアルージュ,クロフネ,芦,
,モイル,キンシャサノキセキ,ウルティマミューズ,キングカメハメハ,鹿,
,リボンピーチ,インカンテーション,ワイルドローズ,メイショウオウドウ,鹿,
,ウインドアカネール,ビーチパトロール,ヤマトサクラコ,ディープインパクト,黒鹿,
,フェアリーハイ,シャンハイボビー,ハイリマイリ,アドマイヤムーン,青鹿,
,ヴォードヴィル,ルーラーシップ,ストームイメージ,ダンスインザダーク,黒鹿,
,グッドハビッツ,ダノンバラード,マイネジェシカ,ロージズインメイ,黒鹿,
,ツーエムルーイー,バゴ,キャットガール,マンハッタンカフェ,黒鹿,
,アルフェニン,ラニ,ラバニーユ,クロフネ,芦,
,フルーツサンド,ベストウォーリア,クレバーパルマ,ブライアンズタイム,栗,
,スマートアイ,ヘニーヒューズ,スマートオーシャン,Mr. Greeley,栗,
,マコトエトルリア,スピルバーグ,マコトクラダリング,シンボリクリスエス,栗,
,ヒラリーステップ,ホッコータルマエ,サラファン,アグネスタキオン,鹿,
,ミズカガミ,ノヴェリスト,マジカルミステリー,マンハッタンカフェ,青鹿,
,テイエムシニスター,シニスターミニスター,ケージーレインボー,ダンスインザダーク,栗,
,シャンバラ,ワンアンドオンリー,アンシャンタン,Unbridled's Song,黒鹿,
,ビートエモーション,Quality Road,J. Quirk,Unbridled's Song,芦,
,クラップサンダー,ジャスタウェイ,ゲッコウ,キングカメハメハ,鹿,
,セイハロートゥユーB,キングカメハメハ,マンハッタンセレブ,サンデーサイレンス,黒鹿,
,レッドファーロ,ハーツクライ,プラヤデシエルタ,Orpen,鹿,
,ホウオウヴォーヌ,オルフェーヴル,ヴンダーゾンネ,グラスワンダー,栗,
,ヒノシタカイザン,Galileo,Prudente,Dansili,鹿,
,ワンダフルヘヴンB,ハードスパン,Couture Cat,Storm Cat,青鹿,
,ヌンカプト,ナカヤマフェスタ,ディアルーモ,ネオユニヴァース,鹿,
,オーガスタスカイ,ロードカナロア,クィーンズバーン,スペシャルウィーク,黒鹿,
,ラブロッソー,モンテロッソ,ラブカーナ,オース,青鹿,
,スイーツビュッフェ,ゴールドアリュール,サイモンドルチェ,ジャングルポケット,鹿,
,ソールズベリー,ダイワメジャー,ニイガッタメール,シンボリクリスエス,青鹿,
,ルージュシェノン,アジアエクスプレス,レッドクラウディア,アグネスタキオン,栗,
,キャミ,ロードカナロア,ギンマクノヒロイン,グラスワンダー,黒鹿,
,ノンズブレス,マジェスティックウォリアー,デイジーギャル,ブラックタイド,栗,
,グレースブロードB,キンシャサノキセキ,ミルキーブロード,クロフネ,鹿,
,ブロードマリーB,ディープブリランテ,マザイ,ファスリエフ,鹿,
,ブランアルディ,エスポワールシチー,マリアンヌカフェ,マンハッタンカフェ,芦,
,クロンヌドラレーヌ,ロードカナロア,クラウンプリンセス,スペシャルウィーク,鹿,
,フォレクラフト,ドゥラメンテ,ディトナイト,Forest Wildcat,青鹿,
,パレドジュスティス,ロードカナロア,ラブリネスオブパリ,サンデーサイレンス,芦,
,ルショコラ,スクリーンヒーロー,マイネショコラーデ,ロージズインメイ,青鹿,
,サクラカレント,ブラックタイド,サクラレイリ,サクラバクシンオー,鹿,
,エリザベスミノル,ドゥラメンテ,ダイワジェラート,フジキセキ,青鹿,
,アッティラ,ジャスタウェイ,ショコラーチ,キンシャサノキセキ,栗,
,ヴァイキングムーン,アドマイヤムーン,ヴィヴァルダ,Intello,鹿,
,ゴンドワナ,マツリダゴッホ,ヌーナ,Congrats,青鹿,
,スカイロケット,ジャスタウェイ,ティッカーテープ,Royal Applause,鹿,
,スモーキンビリー,Free Drop Billy,Buy for Less,Bodemeister,鹿,
,ピュアゴールド,スクリーンヒーロー,センシュアルドレス,アグネスタキオン,栗,
,スターオブデイズ,エイシンフラッシュ,イノセントデイズ,ダイワメジャー,鹿,
,スーパーファルクス,レッドファルクス,スーヴェニアギフト,Souvenir Copy,芦,
,グランデスパーダ,ダンスディレクター,セイントリースカウト,Saint Ballado,鹿,
,タリア,ビーチパトロール,トリアンドルス,マツリダゴッホ,鹿,
,コスモグングニールB,ヘニーヒューズ,グロリエッテ,アドマイヤムーン,鹿,
,メイショウカジキ,メイショウボーラー,アグネスマクシム,アグネスデジタル,栗,
,クワイエットドーン,ダイワメジャー,ウェイクミーアップ,ロックオブジブラルタル,栗,
,ロードアストラB,ロードカナロア,リラコサージュ,ブライアンズタイム,黒鹿,
,アフターグロウ,スクリーンヒーロー,マイネヒメル,ロージズインメイ,栗,
,トーホウダリンシア,ミッキーアイル,ダイワウィズミー,キングカメハメハ,栗,
,フォミルマジック,サクソンウォリアー,Bewitched,Dansili,芦,
,セミマル,アメリカンペイトリオット,ラルティスタ,マイネルラヴ,黒鹿,
,ワンダイレクト,ハービンジャー,ワントゥワン,ディープインパクト,鹿,
,システムリブート,キタサンブラック,シャンテクレール,Dubawi,鹿,
,メズマライジング,ディープインパクト,フォルト,Blame,黒鹿,
,ジャスティンボルト,キタサンブラック,マラコスタムブラダ,Lizard Island,鹿,
,レオニーノ,リオンディーズ,ビキューナー,ネオユニヴァース,鹿,
,トリオンファルマン,キズナ,ラトナプラ,Distorted Humor,鹿,
,ブロードイメル,ゴールドシップ,ミキノセレナーデ,コロナドズクエスト,栗,
,ワイズメアリー,キタサンブラック,アオイスカーレット,ディープインパクト,鹿,
,トラヴォルジェンテ,ロードカナロア,アヴェンチュラ,ジャングルポケット,黒鹿,
,デンジャーマン,アドマイヤムーン,マヤノカピオラニ,キングカメハメハ,鹿,
,トランペットシェル,ノヴェリスト,イチオクノホシ,ゼンノロブロイ,芦,
,オルコス,ドレフォン,スウェアトウショウ,ディープインパクト,鹿,
,ノックトゥワイスB,スクリーンヒーロー,ネロディアマンテ,シンボリクリスエス,栗,
,ニシノラーナ,ザファクター,ニシノケイト,ゴールドアリュール,鹿,
,スマイルアップ,イスラボニータ,アドマイヤオンリー,クロフネ,芦,
,エヴリーサンクスB,パイロ,ウインルナ,フレンチデピュティ,鹿,
,アニージョ,ケープブランコ,アニムス,ゴールドアリュール,栗,
,ミキノカラクリバコ,タイムパラドックス,ミキノクラリネット,パーソナルラッシュ,鹿,
,マグナムハート,ダイワメジャー,ハートシェイプト,Storm Cat,栗,
,ベジェサ,イスラボニータ,ヘイローフジ,キングヘイロー,鹿,
,ワセダタンク,シニスターミニスター,インユアアームス,ファルブラヴ,黒鹿,
,ベアグッジョブ,バゴ,ナイキトライアンフ,ボストンハーバー,鹿,
,メイショウアポイ,メイショウボーラー,メイショウフロリナ,クロフネ,鹿,
,ニシノリース,ロードアルティマ,ニシノヒナギク,アグネスタキオン,黒鹿,
,ジュラメント,キズナ,ダイワジャンヌ,タニノギムレット,黒鹿,
,スカイドゥエラー,キズナ,フリーバード,アフリート,青鹿,
,ソウルユニバンス,キンシャサノキセキ,シーカーマ,Exchange Rate,黒鹿,
,アスクビックスター,キングカメハメハ,パープル,Galileo,鹿,
,キングレリック,キングカメハメハ,ドリームオブジェニー,Pivotal,栗,
,エクセスリターンB,ストロングリターン,ベアフルート,サクラバクシンオー,栗,
,モンサンラディウスB,ルーラーシップ,ジュリアビコー,ジェイドロバリー,鹿,
,パナプリ,リオンディーズ,コスモハート,マイネルラヴ,黒鹿,
,サムハンター,マジェスティックウォリアー,ヤマカツセイレーン,グラスワンダー,栗,
,ヴァジュランダ,ルーラーシップ,ルルパンブルー,ジャングルポケット,黒鹿,
,タロファイターB,シニスターミニスター,タカヒロガートップ,アドマイヤマックス,鹿,
,ローラスノビリス,ロードカナロア,ベイトゥベイ,Sligo Bay,鹿,
,シャドウアイルB,ノヴェリスト,アルティメイトラブ,シンボリクリスエス,栗,
,リヴォリ,ダイワメジャー,ラリズ,Bernstein,鹿,
,ショウナンアメリア,ロードカナロア,ランスタン,ダイワメジャー,黒鹿,
,レイモミ,ディープインパクト,ネックレス,Darshaan,青鹿,
,ナバロンB,ブラックタイド,シシャモチャン,サクラバクシンオー,鹿,
,ミツカネムーン,アドマイヤムーン,センコウノマイヒメ,スタチューオブリバティ,黒鹿,
,アムールマルルー,ハーツクライ,ネイチャーガイド,エルコンドルパサー,黒鹿,
,キャットリング,メイショウボーラー,キネオソレイユ,ネオユニヴァース,青鹿,
,ケデシュ,リオンディーズ,テーオーヴィーナス,ディープインパクト,黒鹿,
,ロイヤルブライド,ローズキングダム,ピーチフィズ,スウェプトオーヴァーボード,青,
,ピラティス,ロードカナロア,クラリスピンク,ネオユニヴァース,鹿,
,パノティア,ドゥラメンテ,スカーレル,ゴールドアリュール,黒鹿,
,スウィートメリナ,ワールドエース,スイートウィリアム,Miswaki,栗,
,エーティーマクフィ,マクフィ,テンシンランマン,ハーツクライ,鹿,
,センドハーマイラブ,アジアエクスプレス,マチルド,アドマイヤベガ,鹿,
,コズミックフロスト,アメリカンペイトリオット,コズミックフレイム,Doyen,鹿,
,ダイリュウブラック,キタサンブラック,ダイリュウキセキ,ファスリエフ,鹿,
,ウォータールグラン,ダイワメジャー,ウォーターパイパー,Tale of the Cat,鹿,
,ユキヤナギ,パドトロワ,エーピーモモ,ダンスインザダーク,鹿,
,マジェスティック,マジェスティックウォリアー,アーベントロート,フジキセキ,鹿,
,アンテロース,モーリス,シャブリ,ディープインパクト,鹿,
,ガルムキャット,ハーツクライ,パスオブドリームズ,Giant's Causeway,黒鹿,
,ドットクルー,ディーマジェスティ,スターオブロゼッタ,ロードカナロア,鹿,
,オリオンネビュラ,イスラボニータ,オリヒメ,マジェスティックウォリアー,栗,
,ブライトファントム,カレンブラックヒル,マプチートカーユ,フレンチデピュティ,黒鹿,
,ダークブロンド,ハービンジャー,モンローブロンド,アドマイヤベガ,黒鹿,
,マイネルカーライル,Bayern,サイレンスイズゴールド,アグネスゴールド,鹿,
,ミトノシャルマン,キンシャサノキセキ,ピエールナオチャン,ケイムホーム,鹿,
,コレペティトール,ジャスタウェイ,ベガスナイト,コロナドズクエスト,栗,
,サトノヴィレ,デクラレーションオブウォー,ダイワジェラート,フジキセキ,黒鹿,
,フェステスバント,キズナ,フィオドラ,Lord of England,鹿,
,ピンクダイヤ,Speightstown,Tap Diva,Tapit,芦,
,ルーリングB,ルーラーシップ,リープオブフェイス,クロフネ,鹿,
,ゲンパチマイティーB,スマートファルコン,ネームヴァリュー,Honour and Glory,鹿,
,スカーレットジンク,ミッキーアイル,ティンクルチャーミ,スウェプトオーヴァーボード,芦,
,バーニングソウル,フェノーメノ,プリティホワイト,クロフネ,芦,
,コーリングローリー,ヘニーヒューズ,ヤヤラーラ,ゼンノロブロイ,栗,
,ファーンヒル,キンシャサノキセキ,ラブディラン,Dylan Thomas,黒鹿,
,スウィートプロミス,モーリス,アースサウンド,Yes It's True,黒鹿,
,サトノムスタングB,Mineshaft,Mare and Cher,Old Fashioned,黒鹿,
,カネコメアサヒB,ダンカーク,クニコチャン,ゴールドアリュール,栗,
,メディシスB,サウスヴィグラス,バルビーナ,ブラックタイド,鹿,
,ニルカンタテソーロB,Speightstown,ヴェイパー,Galileo,栗,
,ニシノアナB,ドレフォン,レッドセイリング,ゼンノロブロイ,鹿,
,フルールドネージュ,ヘニーヒューズ,クインネージュ,フジキセキ,栗,
,ペイシャリルキス,トランセンド,ゲイリークィンビー,スピニングワールド,鹿,
,アスカロン,Speightstown,Coco as in Chanel,Awesome Again,鹿,
,グロリアムンディB,キングカメハメハ,ベットーレ,Blu Air Force,鹿,
,サンライズホープB,マジェスティックウォリアー,オーパスクイーン,スペシャルウィーク,鹿,
,ハピ,キズナ,クイーンパイレーツ,キングカメハメハ,黒鹿,
,スマッシングハーツ,ヘニーヒューズ,プリティメイズ,ゼネラリスト,鹿,
,ジュンライトボルト,キングカメハメハ,スペシャルグルーヴ,スペシャルウィーク,鹿,
,レッドガラン,ロードカナロア,ダンスオンザルーフ,シンボリクリスエス,鹿,
,オーヴェルニュ,スマートファルコン,ギュイエンヌ,タニノギムレット,鹿,
,サンライズノヴァ,ゴールドアリュール,ブライトサファイヤ,サンダーガルチ,栗,
,ノットゥルノ,ハーツクライ,シェイクズセレナーデ,Unbridled's Song,鹿,
,クラウンプライド,リーチザクラウン,エミーズプライド,キングカメハメハ,黒鹿,
,バーデンヴァイラーB,ドゥラメンテ,ヴィートマルシェ,フレンチデピュティ,黒鹿,
,テーオーケインズ,シニスターミニスター,マキシムカフェ,マンハッタンカフェ,栗,
,シャマルB,スマートファルコン,ネイティヴコード,アグネスデジタル,鹿,
,タガノビューティー,ヘニーヒューズ,スペシャルディナー,スペシャルウィーク,鹿,
,サクラアリュールB,ゴールドアリュール,シロガネーゼカフェ,Gulch,栗,
,レッドソルダード,マジェスティックウォリアー,レッドソンブレロ,キングカメハメハ,黒鹿,
,コナブラック,キタサンブラック,コナブリュワーズ,キングカメハメハ,黒鹿,
,カイザー,シルバーステート,ヴィヴィッドカラー,ダンスインザダーク,青鹿,
,シュプリンガー,ラブリーデイ,アルテミスハート,ハーツクライ,青,
,コスモフロイデ,コパノリッキー,レスタンノール,ステイゴールド,栗,
,ホウオウフウジン,ロードカナロア,アゲヒバリ,クロフネ,芦,
,スタティスティクス,ハーツクライ,トップデサイル,Congrats,黒鹿,
,エスポワールミノル,ケープブランコ,マイプラーナ,マンハッタンカフェ,鹿,
,シエラネバダ,ディープインパクト,ミスパスカリ,Mr. Greeley,芦,
,リーゼントジャンボ,ゴールドシップ,レディインディ,A.P. Indy,芦,
,ストップザタイム,ダイワメジャー,グレイトタイミング,Raven's Pass,栗,
,シャドウエリス,ハーツクライ,パールシャドウ,クロフネ,鹿,
,グラスシフォン,シニスターミニスター,グラスルノン,フレンチデピュティ,栗,
,マライアガーネット,ミッキーロケット,メイレディ,ジェニュイン,鹿,
,クリノビッグママ,ストロングリターン,クリノツネチャン,マイネルセレクト,栗,
,ビッグファイト,バトルプラン,クッカ,ディープブリランテ,鹿,
,ピスティス,ミュゼスルタン,ハンナ,ディープインパクト,栗,
,イデアミラーグロ,トビーズコーナー,メルシーミヨ,アドマイヤボス,鹿,
,ベッケンバウアー,レーヴミストラル,マラチバンド,Dixieland Band,鹿,
,スングリダンダン,マジェスティックウォリアー,チクタクボンボン,ゴールドアリュール,栗,
,ペイシャボビー,シャンハイボビー,ペイシャマリヤ,タイキシャトル,鹿,
,エリアントゥス,アジアエクスプレス,スイートシャイン,ディープブリランテ,芦,
,ナムラオードリー,サトノアラジン,ナムラユメ,ゼンノロブロイ,黒鹿,
,メモリーグラス,イスラボニータ,ラベンダーメモリー,ナカヤマフェスタ,黒鹿,
,サイタブラウン,カレンブラックヒル,ミスサイベリア,Giant's Causeway,栗,
,アンビバレント,ディスクリートキャット,フォーミー,アドマイヤマックス,鹿,
,ロケッツアン,ミッキーロケット,アンナヴァン,エンドスウィープ,鹿,
,ヴァルカン,ベストウォーリア,リスクオン,マツリダゴッホ,栗,
